{
    "$schema": "https://schema.management.azure.com/schemas/2019-04-01/deploymentTemplate.json#",
    "contentVersion": "1.0.0.0",
    "parameters": {
        "namespaces_Connect_Events_name": {
            "defaultValue": "Example-Connect-Events-DS",
            "type": "String"
        }
    },
    "variables": {},
    "resources": [
        {
            "type": "Microsoft.ServiceBus/namespaces",
            "apiVersion": "2018-01-01-preview",
            "name": "[parameters('namespaces_Connect_Events_name')]",
            "location": "East US",
            "sku": {
                "name": "Basic",
                "tier": "Basic"
            },
            "properties": {
                "zoneRedundant": false
            }
        },
        {
            "type": "Microsoft.ServiceBus/namespaces/AuthorizationRules",
            "apiVersion": "2017-04-01",
            "name": "[concat(parameters('namespaces_Connect_Events_name'), '/RootManageSharedAccessKey')]",
            "location": "East US",
            "dependsOn": [
                "[resourceId('Microsoft.ServiceBus/namespaces', parameters('namespaces_Connect_Events_name'))]"
            ],
            "properties": {
                "rights": [
                    "Listen",
                    "Manage",
                    "Send"
                ]
            }
        },
        {
            "type": "Microsoft.ServiceBus/namespaces/queues",
            "apiVersion": "2018-01-01-preview",
            "name": "[concat(parameters('namespaces_Connect_Events_name'), '/connect-queue')]",
            "location": "East US",
            "dependsOn": [
                "[resourceId('Microsoft.ServiceBus/namespaces', parameters('namespaces_Connect_Events_name'))]"
            ],
            "properties": {
                "lockDuration": "PT30S",
                "maxSizeInMegabytes": 1024,
                "requiresDuplicateDetection": false,
                "requiresSession": false,
                "defaultMessageTimeToLive": "P14D",
                "deadLetteringOnMessageExpiration": false,
                "enableBatchedOperations": true,
                "duplicateDetectionHistoryTimeWindow": "PT10M",
                "maxDeliveryCount": 10,
                "status": "Active",
                "enablePartitioning": false,
                "enableExpress": false
            }
        },
        {
            "type": "Microsoft.ServiceBus/namespaces/queues/authorizationRules",
            "apiVersion": "2018-01-01-preview",
            "name": "[concat(parameters('namespaces_Connect_Events_name'), '/connect-queue/sendandlisten')]",
            "location": "East US",
            "dependsOn": [
                "[resourceId('Microsoft.ServiceBus/namespaces/queues', parameters('namespaces_Connect_Events_name'), 'connect-queue')]",
                "[resourceId('Microsoft.ServiceBus/namespaces', parameters('namespaces_Connect_Events_name'))]"
            ],
            "properties": {
                "rights": [
                    "Listen",
                    "Send"
                ]
            }
        }
    ],
    "outputs": {
        "hostname": {
            "type": "string",
            "value": "[listKeys(resourceId('Microsoft.ServiceBus/namespaces/AuthorizationRules',parameters('namespaces_Connect_Events_name'),'RootManageSharedAccessKey'),'2015-08-01').primaryConnectionString]"
          }
      }
}